Date,strategy_value,benchmark_value
2022-02-04,10000.0,9967.907234182514
2022-02-07,9917.721401524144,10049.921777879103
2022-02-08,9772.564570396633,10197.0135078537
2022-02-09,9948.134993087164,10013.817586367735
2022-02-10,10144.299491596808,9816.357911125904
2022-02-11,10177.464401730867,9784.26514530842
2022-02-14,10013.333784222044,9942.054690599918
2022-02-15,10002.110590266406,9953.197993171732
2022-02-16,10215.769836111283,9740.583589664204
2022-02-17,10281.917485457014,9677.512796366347
2022-02-18,10392.259405461353,9573.657134781044
2022-02-22,10576.604132923652,9403.833312407902
2022-02-23,10735.772698116718,9545.352710963378
2022-02-24,10972.646818921401,9755.961401623967
2022-02-25,11000.720630137428,9731.000512684415
2022-02-28,10833.176658744582,9582.79472450592
2022-03-01,11032.466078842,9759.081852808016
2022-03-02,10977.541254965541,9710.496536693661
2022-03-03,11066.729604094422,9631.602444181126
2022-03-04,11392.967798397072,9347.670632160698
2022-03-07,11479.345870511528,9276.799391035926
2022-03-08,11787.116541871357,9525.51798605482
2022-03-09,11840.34189551183,9482.505001359585
2022-03-10,11990.89254739053,9361.93438591656
2022-03-11,12078.525863986722,9293.514344893647
2022-03-14,11812.913767200162,9497.882813319347
2022-03-15,11550.9717832927,9708.49082384672
2022-03-16,11406.458358914459,9829.953093932787
2022-03-17,11317.238797787422,9906.841473598384
2022-03-18,11320.547874916243,9903.944786241611
2022-03-21,11188.081708432479,10019.834724908558
2022-03-22,11332.166517304478,9890.79509068964
2022-03-23,11161.341317321472,10039.892533511184
2022-03-24,11106.833808437257,10088.923336880456
2022-03-25,11027.83047673469,10160.68623264827
2022-03-28,10891.40708530438,10286.38233198907
2022-03-29,10958.659268406042,10222.866051436298
2022-03-30,11127.327473379815,10065.522673532927
2022-03-31,11158.863575409769,10094.049500911446
2022-04-01,11063.27030654521,10180.52095755683
2022-04-04,11203.014067118555,10051.927490726042
2022-04-05,11315.036999038573,9951.414683885643
2022-04-06,11372.05311001733,10001.559545458811
2022-04-07,11341.644981493624,9974.816027366382
2022-04-08,11535.499604155297,9804.323634044258
2022-04-11,11578.241284702965,9767.996358838825
2022-04-12,11710.853580018142,9879.874871811891
2022-04-13,11856.674300187837,9756.853056267011
2022-04-14,11861.549044909058,9760.864481960894
2022-04-18,11670.071915447337,9918.430943558327
2022-04-19,11678.725796217283,9911.075982986331
2022-04-20,11853.364227455239,9762.870194807834
2022-04-21,12178.610332059907,9494.985445829361
2022-04-22,12249.216805121894,9550.033387739455
2022-04-25,11894.469373451213,9273.456536291023
2022-04-26,11927.914039849156,9299.53148343447
2022-04-27,12229.20653442869,9534.432492085629
2022-04-28,12681.144840116312,9182.081319175499
2022-04-29,12757.47828313259,9237.352344779656
2022-05-02,12815.959103027384,9279.69675852591
2022-05-03,12425.675550373997,9562.290748515166
2022-05-04,11984.032066429014,9222.420020074811
2022-05-05,11912.500266792313,9167.372078164715
2022-05-06,12293.905980624266,8873.857869297712
2022-05-09,12265.500568313391,8894.361165155251
2022-05-10,12460.351928655844,8753.064170160624
2022-05-11,12473.359668749848,8743.92658043575
2022-05-12,12175.148485362908,8952.97504550431
2022-05-13,12224.54993766751,8916.647770298881
2022-05-16,11973.086064012065,9100.06677547891
2022-05-17,12455.740002489432,8733.22876511885
2022-05-18,12532.026689315471,8679.74104880078
2022-05-19,12526.556004622164,8683.530070933813
2022-05-20,12292.183140192477,8845.999612868174
2022-05-23,12386.018922339194,8778.471226488304
2022-05-24,12276.589634130964,8856.028177102879
2022-05-25,12031.28638309311,9032.983876353957
2022-05-26,11735.928639392847,9254.735869586359
2022-05-27,11801.77874210417,9202.807698727103
2022-05-31,11897.237775059846,9128.370519163365
2022-06-01,11670.67298265744,9302.206447363606
2022-06-02,11862.206508514962,9149.543066103099
2022-06-03,11826.088815167126,9177.401322532636
2022-06-06,11712.65033121066,9265.433004770046
2022-06-07,11839.992064172664,9164.697794368794
2022-06-08,12121.581256310099,8946.734823269426
2022-06-09,12473.054409278384,8687.31841293363
2022-06-10,11999.475500147171,8357.476928861193
2022-06-13,11963.316924396891,8332.292956227577
2022-06-14,11792.763832437033,8451.080942517725
2022-06-15,11402.470063279037,8171.383639885241
2022-06-16,11377.901540346647,8153.777031384474
2022-06-17,11664.324563866467,8359.037154453217
2022-06-21,11685.471696712277,8343.882426187522
2022-06-22,11570.92408661023,8425.673886190043
2022-06-23,11203.039673296891,8693.558635168518
2022-06-24,11245.831973038308,8660.351811147139
2022-06-27,11475.616409495924,8483.39611189606
2022-06-28,11484.96203704707,8476.487318712192
2022-06-29,11578.269317314698,8407.621790434361
2022-06-30,11700.727054907937,8496.545127314816
2022-07-01,11678.629326499466,8512.591510223558
2022-07-05,11639.186631030845,8541.34142129614
2022-07-06,11464.86486299905,8669.266317177948
2022-07-07,11474.29567340427,8662.135120433228
2022-07-08,11605.373191718669,8563.182539184854
2022-07-11,11708.06832499277,8487.407537589941
2022-07-12,11769.555438601514,8442.834327302682
2022-07-13,11740.973250687557,8422.331031445141
2022-07-14,11516.661006024144,8583.240347787478
2022-07-15,11611.753305207001,8512.369106662707
2022-07-18,11298.013231992356,8742.366354843723
2022-07-19,11370.017295191277,8798.082867702798
2022-07-20,11254.234199035665,8887.675455665447
2022-07-21,11358.652070659771,8805.214744580731
2022-07-22,11344.85197996061,8815.91255989763
2022-07-25,11479.073036135174,8711.611411057414
2022-07-26,11181.003203476848,8937.820317238615
2022-07-27,11040.766740115358,9049.921913905742
2022-07-28,10879.806439581962,9181.858235481433
2022-07-29,10847.588722035589,9154.668550000877
2022-08-01,10919.154010472326,9094.27204049894
2022-08-02,10748.165541882126,9236.683773830677
2022-08-03,10755.426907891944,9230.443551595788
2022-08-04,10773.605264323513,9214.842655941962
2022-08-05,10786.112698657249,9204.144840625062
2022-08-08,10828.944375157253,9167.59516185878
2022-08-09,10601.493527540702,9360.151076630473
2022-08-10,10601.493527540702,9360.151076630473
2022-08-11,10422.020709211527,9518.609192870952
2022-08-12,10379.073999052778,9557.833155433154
2022-08-15,10358.744051769507,9576.554502271032
2022-08-16,10432.270600837752,9508.579948503031
2022-08-17,10401.950122178216,9536.21580137172
2022-08-18,10541.731867848694,9408.067821795847
2022-08-19,10761.237031967841,9212.168372146041
2022-08-22,10787.27123270104,9189.881767002411
2022-08-23,10752.73921663524,9219.300249023974
2022-08-24,10600.937162802269,9349.453941446785
2022-08-25,10959.76873681373,9032.983876353957
2022-08-26,10887.300502326938,8973.255937801001
2022-08-29,11006.819698185354,8874.748843807543
2022-08-30,10923.068283190525,8807.220457427673
2022-08-31,10888.793189316353,8834.856310296358
2022-09-01,10773.97706869349,8741.697783894744
2022-09-02,10733.325233007641,8708.714043567428
2022-09-06,10540.501445176655,8865.165766827753
2022-09-07,10471.60565309139,8923.111076227833
2022-09-08,10308.926700220069,9061.73378742654
2022-09-09,10198.129949931934,9159.126143082887
2022-09-12,10641.569937932076,8760.864617987536
2022-09-13,10682.176284050258,8794.29452570298
2022-09-14,10803.454201866318,8694.450289811562
2022-09-15,10929.73259159636,8592.823424767268
2022-09-16,11014.491886959298,8659.46015650409
2022-09-19,11140.922310949018,8560.062088000803
2022-09-20,11335.262117240958,8410.74224161841
2022-09-21,11240.047798568494,8340.09340405449
2022-09-22,11428.372783818566,8200.35663465189
2022-09-23,11315.31545820147,8119.233065465133
2022-09-26,11344.200639971947,8098.5066859135295
2022-09-27,11567.413156473649,8257.855776663839
2022-09-28,11325.78180364649,8085.357670494773
2022-09-29,11150.645184245866,7960.329461969738
2022-09-30,11445.035980409864,8170.491985242196
2022-10-03,11090.392638560726,8423.668173343103
2022-10-04,11116.213734527922,8404.055851995394
2022-10-05,11230.886347014326,8317.361311655946
2022-10-06,11544.159562922736,8085.357670494773
2022-10-07,11632.302970150015,8023.623338961662
2022-10-10,11705.970092481231,7972.809906439514
2022-10-11,11744.581819850579,7946.511875602
2022-10-12,11434.629613513758,8156.228911619544
2022-10-13,11174.048776877562,7970.358706337657
2022-10-14,10886.909738939328,8175.172662018271
2022-10-17,10758.992631206473,8271.22787577666
2022-10-18,10835.236003560996,8212.613995427599
2022-10-19,10926.093098733818,8143.748467149769
2022-10-20,10660.572836304063,8341.653629646516
2022-10-21,10530.125110400975,8443.725981945727
2022-10-24,10361.973896128728,8578.560351144615
2022-10-25,10440.042004380764,8513.928652121518
2022-10-26,10495.791590543702,8468.464467324427
2022-10-27,10246.089704616053,8669.934888126927
2022-10-28,10320.10000708946,8607.309582083984
2022-10-31,10365.259362345463,8569.645164980593
2022-11-01,10625.38807461003,8354.579561371207
2022-11-02,10515.979898824075,8268.553591980739
2022-11-03,10364.622003697401,8387.563981831736
2022-11-04,10265.478382417159,8467.795896375448
2022-11-07,10210.091871831992,8513.483164866602
2022-11-08,10420.441016275325,8338.08769120755
2022-11-09,9847.794505549196,8796.300238549924
2022-11-10,9943.10638805421,8881.435233430559
2022-11-11,10027.689649403908,8805.883315529712
2022-11-14,9942.163061094601,8880.98906604243
2022-11-15,9866.316846658401,8813.23827610171
2022-11-16,9896.506402367393,8786.270994182003
2022-11-17,9851.572272233665,8826.1642078264
2022-11-18,9887.393518521658,8794.071442008915
2022-11-21,9754.338864497313,8912.413260910935
2022-11-22,9692.870685382193,8968.575941158138
2022-11-23,9695.03911299303,8966.569548177982
2022-11-25,9849.742931987472,8823.489924030479
2022-11-28,9832.825569480523,8808.335195764783
2022-11-29,9523.08568411576,9085.803021723046
2022-11-30,9516.078203964773,9079.117312233242
2022-12-01,9527.057064779152,9068.642580610407
2022-12-02,9698.441712157699,8905.504467727065
2022-12-05,9838.242806993254,8777.133404457129
2022-12-06,9821.506004892371,8762.201759885498
2022-12-07,9744.565048709828,8830.844204469262
2022-12-08,9817.358885749278,8764.87604368142
2022-12-09,9958.89813737627,8891.241394104416
2022-12-12,9883.510840615028,8958.54669679022
2022-12-13,9820.320316018071,8901.269958339119
2022-12-14,10060.541705763766,8683.530070933813
2022-12-15,9896.321281004504,8541.786908551056
2022-12-16,9812.403820506137,8469.35544183426
2022-12-19,9798.976522514737,8480.944911794202
2022-12-20,9652.457893502278,8607.755749472113
2022-12-21,9790.161168086408,8484.956337488084
2022-12-22,9846.47677218161,8533.764057163291
2022-12-23,9885.306460465528,8500.111065753781
2022-12-27,10008.159782007866,8394.472775015605
2022-12-28,9828.009751621596,8545.575930684086
2022-12-29,9853.897467463952,8523.066241846393
2022-12-30,9812.413716497102,8487.185134029089
2023-01-03,9736.660027804928,8552.70780756202
2023-01-04,9847.788382450624,8455.092368211606
2023-01-05,9621.957876081702,8648.985424881259
2023-01-06,9616.503220980858,8644.082344544331
2023-01-09,9549.06419275459,8704.701937740332
2023-01-10,9428.288930203791,8814.79782156052
2023-01-11,9462.615284003594,8846.890587378004
2023-01-12,9499.325553825138,8881.212149736495
2023-01-13,9516.727340567923,8864.942683133688
2023-01-17,9666.97757998358,8724.98283003702
2023-01-18,9596.60374979634,8661.466549484247
2023-01-19,9417.828238235745,8822.8213530815
2023-01-20,9304.82762294864,8928.68272751374
2023-01-23,9314.814412950664,8919.099650533952
2023-01-24,9311.32324536893,8922.442505278852
2023-01-25,9413.65811441655,9020.50343188418
2023-01-26,9392.028384710024,9041.229811435787
2023-01-27,9509.868531985281,8927.791072870696
2023-01-30,9370.041613015337,9059.059503630617
2023-01-31,9469.62427723359,9155.337120949856
2023-02-01,9607.473495580685,9288.61126455672
2023-02-02,9505.354782247892,9189.881767002411
2023-02-03,9563.445431812988,9133.719086755207
2023-02-06,9438.36864153976,9253.175643994336
2023-02-07,9335.16222030913,9151.994266204954
2023-02-08,9416.090395658755,9072.654006304288
2023-02-09,9394.116382789718,9093.826553244024
2023-02-10,9283.838934212225,9200.578902186096
2023-02-13,9288.111077225589,9196.345072931363
2023-02-14,9318.273045012467,9226.209042207842
2023-02-15,9446.57457816735,9099.175120835866
2023-02-16,9470.174564243993,9076.443028437321
2023-02-17,9280.194081266081,8894.361165155251
2023-02-21,9292.983160190415,8882.10380437954
2023-02-22,9243.550033022986,8929.351298462721
2023-02-23,9342.29306326334,8833.964655653313
2023-02-24,9374.11140046722,8864.051708623856
2023-02-27,9408.75790644126,8831.290371857393
2023-02-28,9372.666715228066,8797.41429675382
2023-03-01,9299.772769402798,8865.834337776734
2023-03-02,9150.624693582764,9008.022987414406
2023-03-03,9144.285685372442,9014.263209649294
2023-03-06,9284.455988986514,8876.085985705504
2023-03-07,9299.609335285782,8890.572823155433
2023-03-08,9471.18576660191,8726.543055629047
2023-03-09,9334.52180167336,8600.62387259418
2023-03-10,9321.217772593009,8588.365831685256
2023-03-13,9167.137436243398,8730.332077762077
2023-03-14,9109.803052886404,8675.7296231069
2023-03-15,9269.636162016868,8827.946836979278
2023-03-16,9126.41804041537,8691.552922321576
2023-03-17,9214.174312392992,8775.127691610189
2023-03-20,9093.187351195069,8890.349739461368
2023-03-21,9248.194345057611,8738.800416404758
2023-03-22,9223.19282500995,8762.424843579562
2023-03-23,9162.670117709647,8819.923985591513
2023-03-24,9145.53736620515,8836.415855755171
2023-03-27,9166.06596295306,8816.58113084661
2023-03-28,9032.838262058665,8944.729110422482
2023-03-29,8979.948702509406,8997.102768536657
2023-03-30,8853.379645051025,9123.913606214566
2023-03-31,8819.643476269664,9158.680655827973
2023-04-03,8868.575890827176,9107.867223305824
2023-04-04,8891.796192896763,9084.02039257017
2023-04-05,8857.11041475086,9119.456013132556
2023-04-06,8848.019686762962,9128.81600641828
2023-04-10,8845.643224736097,9131.26788665335
2023-04-11,8881.69795215542,9094.048956804872
2023-04-12,8999.67105251534,9214.842655941962
2023-04-13,9021.655127837894,9192.332967104268
2023-04-14,8989.283142722536,9225.317387564797
2023-04-17,8983.41995560603,9231.33452610562
2023-04-18,8984.937618275144,9229.77498064681
2023-04-19,9033.969457852565,9179.407035379576
2023-04-20,9026.9505776957,9186.53891225751
2023-04-21,9017.533977700312,9196.1219892373
2023-04-24,9160.676773839654,9050.144317466595
2023-04-25,9121.875612111711,9011.811329414224
2023-04-26,8940.276867517368,9191.218908900371
2023-04-27,8863.97009495268,9269.667514157993
2023-04-28,8872.920437610268,9260.307520872268
2023-05-01,8972.645249559399,9156.228775592901
2023-05-02,8911.056977855287,9093.380385855893
2023-05-03,8974.173525937746,9028.972450660076
2023-05-04,8808.03845661845,9196.1219892373
2023-05-05,8805.690699075945,9198.573189339155
2023-05-08,8844.306483938488,9158.234488439844
2023-05-09,8802.982687888494,9201.025069574225
2023-05-10,8787.630482033084,9184.978686665483
2023-05-11,8799.144799102192,9172.943729450624
2023-05-12,8768.787152224288,9204.591008013193
2023-05-15,8827.386066537672,9143.079760174145
2023-05-16,8720.230723230134,9254.06729863738
2023-05-17,8804.234581260685,9343.213719211899
2023-05-18,8791.423659643768,9329.618536405012
2023-05-19,8794.99410560544,9333.407558538043
2023-05-22,8893.69889515077,9228.6602423097
2023-05-23,8829.265808330481,9161.800426878808
2023-05-24,8905.726352254776,9241.140686779474
2023-05-25,9021.061472791533,9360.819647579452
2023-05-26,9024.497982742287,9364.38558601842
2023-05-30,9074.540725109253,9312.458095292375
2023-05-31,9160.75811706755,9400.935944917914
2023-06-01,9028.282939369325,9536.8843723207
2023-06-02,9045.583504669134,9518.609192870952
2023-06-05,9025.88711907491,9539.335572422557
2023-06-06,9057.096174831951,9506.351151962026
2023-06-07,9111.878647189606,9563.85097410719
2023-06-08,9095.52918112474,9581.01141521983
2023-06-09,9013.015785462254,9667.929039253342
2023-06-12,8953.593542722267,9731.669083633395
2023-06-13,8964.255774747306,9743.257873460127
2023-06-14,8853.119886822975,9864.051572597215
2023-06-15,8915.928123934693,9794.071305982274
2023-06-16,8869.670658786248,9743.257873460127
2023-06-20,8915.116415661352,9693.336095581024
2023-06-21,8882.935429800582,9728.326228888494
2023-06-22,8950.090475306839,9654.780023834586
2023-06-23,8986.658334140042,9615.33297757832
2023-06-26,8888.134802686483,9720.748864755646
2023-06-27,8883.651687281557,9725.651945092573
2023-06-28,8848.63800656936,9763.984253011731
2023-06-29,8744.217703812705,9879.20630086291
2023-06-30,8754.278244405505,9890.57268712879
2023-07-03,8767.297590468244,9875.86344611801
2023-07-05,8835.951333175732,9798.528899064286
2023-07-06,8858.259585273,9773.790413685583
2023-07-07,8835.838404138998,9798.528899064286
2023-07-10,8779.56710480278,9860.931121413163
2023-07-11,8708.927412938614,9940.271381313829
2023-07-12,8778.04915236353,10019.166153959577
2023-07-13,8783.516371557002,10012.92593172469
2023-07-14,8753.018098469558,10047.692981338098
2023-07-17,8687.97803039166,10122.353244595899
2023-07-18,8707.298012353092,10144.862933433595
2023-07-19,8765.066486334945,10077.556950614575
2023-07-20,8765.066486334945,10077.556950614575
2023-07-21,8725.91038526482,10122.576328289964
2023-07-24,8702.088184972083,10150.211501025437
2023-07-25,8703.425814310041,10151.77172661746
2023-07-26,8761.12930135641,10084.465743798442
2023-07-27,8675.355014979543,10183.195921485963
2023-07-28,8658.836770470443,10202.585159139608
2023-07-31,8683.614626731727,10173.38976081211
2023-08-01,8804.410728539513,10031.869682123417
2023-08-02,8779.178540172566,10003.119771050837
2023-08-03,8818.88472024829,9957.877989814595
2023-08-04,8895.86060881546,10044.79561384811
2023-08-07,8934.545819060198,10001.114058203895
2023-08-08,8994.27537328233,9934.254242773006
2023-08-09,8991.04684384263,9937.820181211971
2023-08-10,8985.804171636599,9932.025446231999
2023-08-11,8936.202462263826,9986.85030444803
2023-08-14,9040.29903804893,9870.514878526166
2023-08-15,8973.959832147028,9798.08341180937
2023-08-16,9042.340368969719,9723.423148551567
2023-08-17,9037.988185389526,9728.103145194429
2023-08-18,8979.184397649768,9791.397022186353
2023-08-21,9003.505541738872,9764.875907654776
2023-08-22,8903.22675224174,9873.634649577003
2023-08-23,9026.617202375659,9736.795247664388
2023-08-24,9090.253034837224,9805.437692248153
2023-08-25,9032.608460042735,9867.61751103618
2023-08-28,8902.044186534367,10010.25164792877
2023-08-29,8938.710042676008,10051.482003471127
2023-08-30,8951.790864021339,10036.772762460345
2023-08-31,8935.093914001507,10055.49342916501
2023-09-01,8973.710776318921,10012.034277081644
2023-09-05,9034.036011261194,9944.72897439584
2023-09-06,9061.772520584096,9914.19643417038
2023-09-07,9048.124700776936,9929.128078742013
2023-09-08,8988.618470117393,9994.428348714093
2023-09-11,9037.926527511545,9939.602810364848
2023-09-12,9048.464652624709,9951.192280324793
2023-09-13,8970.445420712955,10036.995166021197
2023-09-14,9109.67476596624,9881.212013709852
2023-09-15,9115.01704087637,9887.006748689824
2023-09-18,9133.920041077741,9866.50277269907
2023-09-19,9049.948946143308,9775.79680666574
2023-09-20,8900.36813347594,9614.218919374423
2023-09-21,8880.355227147511,9592.600885179774
2023-09-22,8917.698800353084,9632.939586079086
2023-09-25,9048.711086340201,9491.419507390394
2023-09-26,9052.322728647856,9495.20784939021
2023-09-27,9104.803068585865,9550.255791300306
2023-09-28,9126.899576047314,9527.078211646844
2023-09-29,9123.269709289494,9523.289189513815
2023-10-02,9245.394429450726,9395.809780886922
2023-10-03,9312.71914981946,9464.229821909837
2023-10-04,9316.228001972519,9460.663883470872
2023-10-05,9205.618181627686,9572.988563832065
2023-10-06,9146.681995251864,9634.276727977047
2023-10-09,9099.074985877327,9684.421589550215
2023-10-10,9061.802601173727,9724.091719500546
2023-10-11,9117.047439136251,9664.809268202505
2023-10-12,9162.458257957123,9616.670119476279
2023-10-13,9066.055850579103,9717.85149726566
2023-10-16,9066.472092632259,9717.40532987753
2023-10-17,9187.283482133946,9587.920208403697
2023-10-18,9268.006666247038,9503.676868166107
2023-10-19,9154.120998593777,9386.895274856113
2023-10-20,9138.254978839235,9370.625808253306
2023-10-23,9069.35807645209,9441.274645817228
2023-10-24,9199.523200412079,9305.771705669356
2023-10-25,9309.683941273765,9194.338679951206
2023-10-26,9267.485264682175,9152.662837153937
2023-10-27,9156.685159004619,9262.090150025142
2023-10-30,9099.178737328635,9320.25854311929
2023-10-31,9002.138425917492,9419.656611622579
2023-11-01,8829.618254709343,9600.178249312621
2023-11-02,8749.062181062134,9687.764444295117
2023-11-03,8728.935051080023,9710.051049438747
2023-11-06,8704.092171603374,9737.68622217422
2023-11-07,8697.717298529247,9744.818099052152
2023-11-08,8765.548625779053,9668.820693896389
2023-11-09,8628.763939267317,9819.700765870806
2023-11-10,8636.988749214312,9810.340772585081
2023-11-13,8469.424839739784,10000.66857094898
2023-11-14,8487.354994445212,10021.8404377555
2023-11-15,8476.973832883457,10034.098478664424
2023-11-16,8466.430145135324,10046.578923134199
2023-11-17,8401.258951493639,10123.913470187925
2023-11-20,8419.568775219488,10101.849268605145
2023-11-21,8387.062221258799,10140.850827606499
2023-11-22,8381.901201434308,10147.091049841383
2023-11-24,8396.996665447046,10128.81655052485
2023-11-27,8388.682780007617,10138.845114759559
2023-11-28,8382.782004122604,10131.713237881624
2023-11-29,8349.775136915337,10171.60645152602
2023-11-30,8300.378784818211,10231.780557467107
2023-12-01,8256.80670247806,10178.069757454976
2023-12-04,8258.433806995177,10176.06404460803
2023-12-05,8225.154157940293,10135.056772759739
2023-12-06,8162.392933655788,10212.391319813463
2023-12-07,8127.301552345888,10256.295959151743
2023-12-08,8158.913222955212,10296.188492662926
2023-12-11,8121.649566297537,10343.213583185256
2023-12-12,8009.651059574623,10485.847720077843
2023-12-13,8035.357013494296,10519.500711487353
2023-12-14,7989.733101463742,10459.772092801182
2023-12-15,8034.675920010289,10518.609056844309
2023-12-18,7985.817982855443,10582.571504785212
2023-12-19,8096.4796278327,10435.92594219874
2023-12-20,8173.249773829935,10534.878523447116
2023-12-21,8156.82405471008,10556.050390253635
2023-12-22,8122.381642972216,10600.623600540895
2023-12-26,8107.695682291444,10619.790434633687
2023-12-27,8104.633153046794,10623.80186032757
2023-12-28,8128.095850538513,10593.046236408045
2023-12-29,8082.608137594409,10533.763785110006
2024-01-02,8016.59999326686,10447.737815719538
2024-01-03,8042.422097100762,10414.084824310028
2024-01-04,8031.406714536756,10428.348578065894
2024-01-05,7916.750926176014,10577.222937193368
2024-01-08,7928.76118799132,10561.176554284628
2024-01-09,7883.920676273402,10620.904492837584
2024-01-10,7887.394648035641,10616.224496194722
2024-01-11,7881.930736435635,10623.578776633507
2024-01-12,7910.867085769986,10584.577217632153
2024-01-16,7866.893102467508,10525.740933722242
2024-01-17,7796.934377138881,10619.344267245559
2024-01-18,7894.132241070732,10751.726756209378
2024-01-19,7910.823096097181,10774.459528741138
2024-01-22,7887.751324797157,10805.883043476426
2024-01-23,7879.12875453994,10817.695597130434
2024-01-24,7836.275019915734,10876.531881040348
2024-01-25,7846.230252711748,10862.71429467261
2024-01-26,7784.092968673874,10948.740264063079
2024-01-29,7790.113600609147,10940.2719254204
2024-01-30,7917.227382014737,10761.756000577296
2024-01-31,8020.849264337204,10902.607508317009
2024-02-01,7936.410744866203,11017.383388780057
2024-02-02,7965.308660279172,10977.267091441596
2024-02-05,7942.182934142206,11009.13745369823
2024-02-06,7875.941883531393,11100.95815806867
2024-02-07,7872.463231037253,11105.861238405596
2024-02-08,7826.964892194923,11170.046770040566
2024-02-09,7830.400530241102,11165.143689703638
2024-02-12,7938.249054425086,11011.365570106022
2024-02-13,8010.388999286681,11111.432889691503
2024-02-14,7955.11941365306,11188.09886579625
2024-02-15,7994.735752266344,11132.382352937173
2024-02-16,7950.721572592451,11071.094188792193
2024-02-20,7943.519545345342,11081.122753026897
2024-02-21,7779.124449906592,11310.452110392149
2024-02-22,7773.759442936199,11318.252558219061
2024-02-23,7802.231069898817,11276.799118982639
2024-02-26,7787.736482267303,11297.748582228309
2024-02-27,7798.029127065016,11282.816937656677
2024-02-28,7769.99564254125,11323.378042116841
2024-02-29,7842.942412401726,11429.684903803998
2024-03-01,7834.531526581073,11417.427543028287
2024-03-04,7912.830890464246,11303.320233514216
2024-03-05,7872.734605836557,11360.596971965315
2024-03-06,7794.586458931231,11473.367139581425
2024-03-07,7841.371182863731,11404.501611303594
2024-03-08,7834.628779877327,11394.69545062974
2024-03-11,7750.3487425472895,11517.272459052918
2024-03-12,7738.199982441366,11499.219003030807
2024-03-13,7753.496692065393,11476.487590765477
2024-03-14,7676.405516453409,11362.379601118191
2024-03-15,7722.027586470557,11429.907987498062
2024-03-18,7679.115169750327,11493.425628317264
2024-03-19,7608.08870315904,11599.731809871208
2024-03-20,7582.946229811061,11638.065478056791
2024-03-21,7597.322029389419,11616.001956607228
2024-03-22,7618.311960145287,11583.909190789744
2024-03-25,7632.3830812208835,11562.513560155945
2024-03-26,7568.241914727888,11659.682832118227
2024-03-27,7566.795655491582,11657.454715710435
2024-03-28,7553.6309880841845,11637.173143280535
2024-04-01,7601.657743212151,11563.182811238139
2024-04-02,7593.3073145690005,11575.884979135551
2024-04-03,7685.991920807973,11434.588664274139
2024-04-04,7766.286624298066,11554.044541380052
2024-04-05,7761.942638597169,11560.50716717579
2024-04-08,7752.963902290421,11573.879946421826
2024-04-09,7675.332564456342,11457.989327621664
2024-04-10,7733.257422680369,11544.461464400261
2024-04-11,7840.00017050297,11385.11237364995
2024-04-12,7741.779650506563,11242.478236757364
2024-04-15,7755.899069796227,11221.97426076661
2024-04-16,7801.800335843687,11155.559932590635
2024-04-17,7817.854366446442,11132.604756498025
2024-04-18,7886.091336473727,11035.435484535743
2024-04-19,7958.715451861097,11137.062349580036
2024-04-22,7864.272315258846,11269.22175484979
2024-04-23,7868.004834944221,11263.873187257946
2024-04-24,7897.894775434342,11221.082606123564
2024-04-25,7823.070820509157,11327.390147943937
2024-04-26,7795.365646562971,11367.505765149184
2024-04-29,7918.85396176435,11187.430294847269
2024-04-30,7944.567676138342,11151.103019641838
2024-05-01,7870.258656286179,11255.404168482055
2024-05-02,7772.704261170183,11394.918534323806
2024-05-03,7692.436960176742,11512.591782276842
2024-05-06,7683.948768167485,11525.295310440682
2024-05-07,7683.206022239254,11526.40936864458
2024-05-08,7638.936404157745,11592.82301668734
2024-05-09,7629.0964994066135,11607.7560215254
2024-05-10,7628.071948754747,11609.314886850996
2024-05-13,7593.0731876697855,11662.580199608215
2024-05-14,7687.098470578379,11806.998325920105
2024-05-15,7702.914740181226,11782.70532779632
2024-05-16,7691.841539630278,11799.643365348109
2024-05-17,7682.9796819335415,11813.237868021779
2024-05-20,7664.136947439064,11842.210182655215
2024-05-21,7686.204635270864,11808.112384124002
2024-05-22,7742.3463664841765,11721.863331039469
2024-05-23,7691.119632489054,11799.420281654046
2024-05-24,7685.744752055759,11807.666216735872
2024-05-28,7739.56457810236,11724.982421957093
2024-05-29,7790.906539800436,11647.202387648453
2024-05-30,7719.945799952394,11753.286845774759
2024-05-31,7726.24028045402,11762.86992275455
2024-06-03,7717.603127436388,11776.01961830652
2024-06-04,7625.878641066052,11915.978791269972
2024-06-05,7626.021408119227,11915.755707575909
2024-06-06,7635.2920378484005,11901.270230392405
2024-06-07,7611.700809183541,11938.042312719537
2024-06-10,7593.369420115461,11966.792903925334
2024-06-11,7531.005038966509,12065.076234091512
2024-06-12,7546.168697092835,12089.369232215297
2024-06-13,7541.577740180967,12096.724192787293
2024-06-14,7481.554878222367,12193.00112997332
2024-06-17,7500.563233802497,12223.979837586907
2024-06-18,7480.187718898565,12190.773013565527
2024-06-20,7446.137272150212,12135.279584400518
2024-06-21,7421.932375697073,12095.831858011037
2024-06-24,7393.351400895527,12142.41146127845
2024-06-25,7384.123890214416,12157.566189544146
2024-06-26,7372.482970220234,12176.732343503727
2024-06-27,7401.494479856362,12128.815598338351
2024-06-28,7416.727455261493,12153.777847544328
2024-07-01,7366.814993916876,12235.569307546852
2024-07-02,7333.9398434806535,12290.171762202031
2024-07-03,7291.648699866176,12361.043003326802
2024-07-05,7283.2346621914285,12375.306757082666
2024-07-08,7276.152133596709,12387.341034164314
2024-07-09,7204.152500248789,12509.91736245428
2024-07-10,7266.270883910742,12402.049595041883
2024-07-11,7312.103047972995,12480.275796738651
2024-07-12,7332.2122008494425,12514.598039230354
2024-07-15,7288.731098969558,12588.811454966815
2024-07-16,7390.927443617047,12412.301923103865
2024-07-17,7334.128891078012,12316.914600161244
2024-07-18,7382.831762642949,12235.123140158723
2024-07-19,7458.948050485651,12361.266087020866
2024-07-22,7470.647767600299,12341.876849367223
2024-07-23,7639.951442888389,12062.178866601527
2024-07-24,7600.144485027404,11999.330476864518
2024-07-25,7515.02515925129,12133.719358808492
2024-07-26,7510.608027736587,12140.851235686425
2024-07-29,7548.660291358605,12079.339987847377
2024-07-30,7671.360805634477,12275.684924752099
2024-07-31,7562.727119055391,12101.849676685073
2024-08-01,7421.921132026689,11876.532425146917
2024-08-02,7205.767340224739,11530.643878032524
2024-08-05,7272.201393775574,11636.951419852896
2024-08-06,7320.808794943685,11559.17002527783
2024-08-07,7151.570994976904,11826.38756357375
2024-08-08,7120.035272900453,11878.537457860644
2024-08-09,7116.294455046972,11884.778360228747
2024-08-12,6999.262548637526,12080.230962357211
2024-08-13,6977.181349398093,12118.34154684873
2024-08-14,6857.590763138244,12326.052870019334
2024-08-15,6842.215954406939,12353.688042754804
2024-08-16,6776.794689780769,12471.806777962758
2024-08-19,6787.814330843515,12451.526565799282
2024-08-20,6764.4878815365755,12494.316466800452
2024-08-21,6817.57894515654,12396.25486006191
2024-08-22,6745.139754349243,12527.969458209962
2024-08-23,6761.219074677648,12498.10480880027
2024-08-26,6751.935259084375,12515.26593004612
2024-08-27,6791.132094644559,12442.61137963526
2024-08-28,6791.740143565557,12443.725437839155
2024-08-29,6726.906092132147,12562.513424129302
2024-08-30,6588.473031793761,12303.989348569767
2024-09-03,6574.9876556422205,12278.80537593615
2024-09-04,6590.979415035495,12248.940726526458
2024-09-05,6701.906365443939,12042.789628947883
2024-09-06,6776.942365147313,12177.623318013557
2024-09-09,6747.423950930296,12230.665547076711
2024-09-10,6678.202515934902,12356.139242856661
2024-09-11,6734.454996340477,12460.21866826924
2024-09-12,6699.282676045066,12525.29517441404
2024-09-13,6689.388690147678,12543.793437557853
2024-09-16,6686.655357987195,12548.91892145563
2024-09-17,6666.82372066201,12511.70067174037
2024-09-18,6780.589084913551,12725.205369624515
2024-09-19,6748.169601916552,12664.363372867661
2024-09-20,6765.032400877498,12696.009971297017
2024-09-23,6745.675516757532,12732.337246502448
2024-09-24,6760.553194349803,12704.255906378845
2024-09-25,6733.749958034464,12754.623851646076
2024-09-26,6743.516038172708,12736.125588502266
2024-09-27,6716.492894459645,12787.162784851691
2024-09-30,6656.323361421344,12672.609307949491
2024-10-01,6659.132711457046,12677.957875541333
2024-10-02,6671.306799772998,12654.780295887873
2024-10-03,6610.682370408532,12769.778579911776
2024-10-04,6670.445865518114,12654.334128499742
2024-10-07,6607.359809693195,12774.01308929972
2024-10-08,6561.594279513925,12862.491619058474
2024-10-09,6573.077237084309,12839.981930220778
2024-10-10,6533.715987863636,12916.870990019586
2024-10-11,6480.281174613591,13022.509280757764
2024-10-14,6530.630869600897,12921.328583101598
2024-10-15,6502.246106564714,12977.489903082376
2024-10-16,6501.687918450304,12978.603961286273
2024-10-17,6476.67870597259,13028.527099431802
2024-10-18,6487.3147989299305,13007.131468798003
2024-10-21,6490.760563768394,13000.222675614135
2024-10-22,6550.069115329425,12881.434689323987
2024-10-23,6564.234735033049,12909.292945753525
2024-10-24,6566.501372521759,12904.835352671513
2024-10-25,6546.201748304416,12944.729246449126
2024-10-28,6535.607520312938,12965.678709694794
2024-10-29,6555.379479461522,12926.454066999378
2024-10-30,6683.885249047994,12673.05547533762
2024-10-31,6712.0948006330045,12726.542511522477
2024-11-01,6726.55218685261,12699.130422481066
2024-11-04,6645.21622697218,12852.685458384618
2024-11-05,6479.979237989496,13172.274614395072
2024-11-06,6530.083382682442,13274.124563133431
2024-11-07,6501.796874497928,13331.624385278597
2024-11-08,6495.601398438614,13344.327913442437
2024-11-11,6515.779304867959,13302.875154339228
2024-11-12,6512.613895666832,13309.337780134967
2024-11-13,6554.491040556097,13223.7566178662
2024-11-14,6638.444818151319,13054.378962881183
2024-11-15,6665.644868744524,13107.867359332466
2024-11-18,6641.27881965888,13155.782744231414
2024-11-19,6639.028545456443,13160.240337313428
2024-11-20,6603.388228726321,13230.888494744133
2024-11-21,6582.921619283848,13271.89644672564
2024-11-22,6560.591801101824,13316.915824401027
2024-11-25,6526.335758088581,13386.449923627839
2024-11-26,6546.110965609165,13345.888139034463
2024-11-27,6505.4461019308,13428.79365724088
2024-11-29,6493.785670249641,13452.8635716706
2024-12-02,6490.773802265334,13459.103113772275
2024-12-03,6450.469116400062,13542.677883060886
2024-12-04,6461.084377239147,13520.391277917257
2024-12-05,6448.83632214392,13546.021417939
2024-12-06,6482.045531037893,13476.264235018125
2024-12-09,6502.198797884111,13434.365308526787
2024-12-10,6451.932591422823,13538.221650245301
2024-12-11,6485.176886988399,13468.464467324426
2024-12-12,6486.464576725015,13465.790183528505
2024-12-13,6458.767595626288,13523.288645407243
2024-12-16,6485.377987316604,13467.572132548166
2024-12-17,6678.664868278243,13066.191516535193
2024-12-18,6676.613769258064,13062.178730574882
2024-12-19,6734.141882115562,13174.727174763357
2024-12-20,6774.467879427891,13253.621267275892
2024-12-23,6699.169600889803,13400.935400811342
2024-12-24,6698.723519938875,13401.827735587602
2024-12-26,6769.2377589179205,13260.753144153825
2024-12-27,6691.989665521126,13109.426224658066
2024-12-30,6716.335230408449,13061.733923453183
